항구청명,사용년월,사용월,시설코드,시설서브코드,시설명,접안시간,처리실적
"감천","2025","08","MKC","03","감천 중앙부두 3선석","401","66795"
"감천","2025","08","MK5","01","감천 5부두 1선석","902","15"
"감천","2025","08","MK4","01","감천 4부두 1선석(국제수산물부두)","489","604"
"감천","2025","08","MK1","02","감천 1부두 2선석","1103","2350"
"감천","2025","08","MK2","03","감천 2부두 3선석","233","8064"
"감천","2025","08","MK6","01","감천 6부두 1선석","195","21294"
"감천","2025","08","MK7","01","감천 7부두 1선석","654","33592"
"감천","2025","08","MK6","02","감천 6부두 2선석","581","32654"
"감천","2025","08","MK2","01","감천 2부두 1선석","692","20160"
"감천","2025","08","MKC","01","감천 중앙부두 1선석","188","11835"
"감천","2025","08","MK5","02","감천 5부두 2선석","311","2710"
"감천","2025","08","MKC","05","감천 중앙부두 5선석","359","24925"
"감천","2025","08","MKC","04","감천 중앙부두 4선석","150","13297"
"감천","2025","08","MK3","03","감천 3부두 3선석","532","2778"
"감천","2025","08","MK3","02","감천 3부두 2선석","1041","11270"
"감천","2025","08","MK1","04","감천 1부두 4선석","774","4053"
"감천","2025","08","MK3","01","감천 3부두 1선석","1262","8311"
"감천","2025","08","MK7","02","감천 7부두 2선석","241","22598"
"감천","2025","08","MK2","04","감천 2부두 4선석","599","7429"
"감천","2025","08","MKC","02","감천 중앙부두 2선석","312","34517"
"감천","2025","08","MK2","02","감천 2부두 2선석","659","14045"
"감천","2025","08","MK1","03","감천 1부두 3선석","741","4583"
"감천","2025","08","MK6","03","감천 6부두 3선석","303","20387"
"감천","2025","08","MK5","03","감천 5부두 3선석","386","45395"
"감천","2025","08","MK3","04","감천 3부두 4선석","1310","16158"
"감천","2025","09","MK5","01","감천 5부두 1선석","48","5"
"감천","2025","09","MKC","02","감천 중앙부두 2선석","312","32541"
"감천","2025","09","MK1","04","감천 1부두 4선석","771","7585"
"감천","2025","09","MK6","02","감천 6부두 2선석","501","36342"
"감천","2025","09","MK1","01","감천 1부두 1선석","450","0"
"감천","2025","09","MK6","01","감천 6부두 1선석","180","27809"
"감천","2025","09","MKC","01","감천 중앙부두 1선석","317","29807"
"감천","2025","09","MKC","05","감천 중앙부두 5선석","285","32970"
"감천","2025","09","MK7","01","감천 7부두 1선석","361","33581"
"감천","2025","09","MK3","03","감천 3부두 3선석","940","6088"
"감천","2025","09","MQA","03","삼한안벽-03","0","1091"
"감천","2025","09","MK6","03","감천 6부두 3선석","271","11576"
"감천","2025","09","MK2","02","감천 2부두 2선석","556","9713"
"감천","2025","09","MK5","03","감천 5부두 3선석","363","46946"
"감천","2025","09","MK1","02","감천 1부두 2선석","277","2326"
"감천","2025","09","MKC","03","감천 중앙부두 3선석","420","39489"
"감천","2025","09","MK2","04","감천 2부두 4선석","685","15022"
"감천","2025","09","MK1","03","감천 1부두 3선석","506","2370"
"감천","2025","09","MK2","01","감천 2부두 1선석","531","17156"
"감천","2025","09","MK3","02","감천 3부두 2선석","555","6333"
"감천","2025","09","MK5","02","감천 5부두 2선석","48","2631"
"감천","2025","09","MK4","01","감천 4부두 1선석(국제수산물부두)","463","767"
"감천","2025","09","MK3","01","감천 3부두 1선석","894","8132"
"감천","2025","09","MKC","04","감천 중앙부두 4선석","240","25587"
"감천","2025","09","MK3","04","감천 3부두 4선석","1293","4432"
"감천","2025","09","MK7","02","감천 7부두 2선석","345","22842"
"감천","2025","09","MK2","03","감천 2부두 3선석","131","4962"
"감천","2025","10","MK7","02","감천 7부두 2선석","302","25147"
"감천","2025","10","MK2","01","감천 2부두 1선석","290","9693"
"감천","2025","10","MKC","03","감천 중앙부두 3선석","301","59230"
"감천","2025","10","MK5","03","감천 5부두 3선석","412","69110"
"감천","2025","10","MK3","01","감천 3부두 1선석","633","2390"
"감천","2025","10","MK3","02","감천 3부두 2선석","1003","1968"
"감천","2025","10","MK6","01","감천 6부두 1선석","230","19087"
"감천","2025","10","MK1","02","감천 1부두 2선석","110","1754"
"감천","2025","10","MK6","02","감천 6부두 2선석","682","39445"
"감천","2025","10","MK4","01","감천 4부두 1선석(국제수산물부두)","608","494"
"감천","2025","10","MK6","03","감천 6부두 3선석","220","13147"
"감천","2025","10","MK3","04","감천 3부두 4선석","538","2153"
"감천","2025","10","MK1","03","감천 1부두 3선석","394","2953"
"감천","2025","10","MKC","05","감천 중앙부두 5선석","164","13608"
"감천","2025","10","MK1","04","감천 1부두 4선석","869","9898"
"감천","2025","10","MK2","04","감천 2부두 4선석","196","2309"
"감천","2025","10","MKC","02","감천 중앙부두 2선석","304","19099"
"감천","2025","10","MK2","02","감천 2부두 2선석","671","11427"
"감천","2025","10","MK5","02","감천 5부두 2선석","147","35"
"감천","2025","10","MKC","01","감천 중앙부두 1선석","109","10914"
"감천","2025","10","MK7","01","감천 7부두 1선석","554","38218"
"감천","2025","10","MQA","03","삼한안벽-03","19","395"
"감천","2025","10","MK2","03","감천 2부두 3선석","307","13937"
"감천","2025","10","MK3","03","감천 3부두 3선석","908","6533"
"감천","2025","10","MKC","04","감천 중앙부두 4선석","152","15795"
"감천","2025","11","MK2","02","감천 2부두 2선석","747","9222"
"감천","2025","11","MK3","02","감천 3부두 2선석","601","810"
"감천","2025","11","MK6","01","감천 6부두 1선석","173","18088"
"감천","2025","11","MK4","01","감천 4부두 1선석(국제수산물부두)","519","1247"
"감천","2025","11","MKC","01","감천 중앙부두 1선석","189","15815"
"감천","2025","11","MK5","02","감천 5부두 2선석","242","1483"
"감천","2025","11","MK7","02","감천 7부두 2선석","468","22748"
"감천","2025","11","MKC","04","감천 중앙부두 4선석","240","32429"
"감천","2025","11","MK2","01","감천 2부두 1선석","404","24952"
"감천","2025","11","MK7","01","감천 7부두 1선석","340","33231"
"감천","2025","11","MK6","02","감천 6부두 2선석","808","21538"
"감천","2025","11","MK3","03","감천 3부두 3선석","397","1526"
"감천","2025","11","MK1","03","감천 1부두 3선석","1085","3734"
"감천","2025","11","MK6","03","감천 6부두 3선석","246","14476"
"감천","2025","11","MK3","01","감천 3부두 1선석","810","808"
"감천","2025","11","MKC","03","감천 중앙부두 3선석","427","47505"
"감천","2025","11","MK2","04","감천 2부두 4선석","270","4752"
"감천","2025","11","MK3","04","감천 3부두 4선석","1013","12961"
"감천","2025","11","MK2","03","감천 2부두 3선석","378","12231"
"감천","2025","11","MK5","03","감천 5부두 3선석","386","49136"
"감천","2025","11","MKC","05","감천 중앙부두 5선석","250","14600"
"감천","2025","11","MK1","02","감천 1부두 2선석","54","860"
"감천","2025","11","MK1","04","감천 1부두 4선석","554","2760"
"감천","2025","11","MKC","02","감천 중앙부두 2선석","374","64962"
"감천","2025","12","MK2","01","감천 2부두 1선석","306","17535"
"감천","2025","12","MK2","03","감천 2부두 3선석","250","7375"
"감천","2025","12","MK1","02","감천 1부두 2선석","193","0"
"감천","2025","12","MK6","02","감천 6부두 2선석","256","23427"
"감천","2025","12","MKC","03","감천 중앙부두 3선석","304","47626"
"감천","2025","12","MK6","01","감천 6부두 1선석","288","28949"
"감천","2025","12","MKC","04","감천 중앙부두 4선석","233","32011"
"감천","2025","12","MK2","04","감천 2부두 4선석","664","13888"
"감천","2025","12","MKC","05","감천 중앙부두 5선석","219","16891"
"감천","2025","12","MK1","03","감천 1부두 3선석","729","6290"
"감천","2025","12","MK3","03","감천 3부두 3선석","449","2498"
"감천","2025","12","MK5","02","감천 5부두 2선석","309","4472"
"감천","2025","12","MKC","01","감천 중앙부두 1선석","142","14142"
"감천","2025","12","MQA","03","삼한안벽-03","10","931"
"감천","2025","12","MK4","01","감천 4부두 1선석(국제수산물부두)","455","804"
"감천","2025","12","MK7","01","감천 7부두 1선석","610","32294"
"감천","2025","12","MKC","02","감천 중앙부두 2선석","279","35800"
"감천","2025","12","MK6","03","감천 6부두 3선석","284","15523"
"감천","2025","12","MK5","01","감천 5부두 1선석","489","52"
"감천","2025","12","MK1","04","감천 1부두 4선석","464","4037"
"감천","2025","12","MK3","01","감천 3부두 1선석","553","2727"
"감천","2025","12","MK7","02","감천 7부두 2선석","99","22720"
"감천","2025","12","MK5","03","감천 5부두 3선석","198","12449"
"감천","2025","12","MK3","02","감천 3부두 2선석","576","3146"
"감천","2025","12","MK2","02","감천 2부두 2선석","250","7903"
"감천","2025","12","MK3","04","감천 3부두 4선석","1065","8326"
"감천","2026","01","MK2","04","감천 2부두 4선석","131","859"
"감천","2026","01","MK6","01","감천 6부두 1선석","210","17300"
"감천","2026","01","MK6","02","감천 6부두 2선석","359","14506"
"감천","2026","01","MK3","02","감천 3부두 2선석","378","1693"
"감천","2026","01","MK6","03","감천 6부두 3선석","163","4349"
"감천","2026","01","MKC","01","감천 중앙부두 1선석","120","5470"
"감천","2026","01","MK7","02","감천 7부두 2선석","276","18905"
"감천","2026","01","MK5","03","감천 5부두 3선석","310","9941"
"감천","2026","01","MKC","02","감천 중앙부두 2선석","345","63122"
"감천","2026","01","MK1","02","감천 1부두 2선석","433","102"
"감천","2026","01","MK3","04","감천 3부두 4선석","1206","970"
"감천","2026","01","MK2","01","감천 2부두 1선석","533","12765"
"감천","2026","01","MKC","03","감천 중앙부두 3선석","512","46201"
"감천","2026","01","MK2","02","감천 2부두 2선석","394","1686"
"감천","2026","01","MK3","01","감천 3부두 1선석","492","2182"
"감천","2026","01","MK5","02","감천 5부두 2선석","457","3500"
"감천","2026","01","MK4","01","감천 4부두 1선석(국제수산물부두)","416","685"
"감천","2026","01","MK2","03","감천 2부두 3선석","199","7989"
"감천","2026","01","MK1","04","감천 1부두 4선석","512","3740"
"감천","2026","01","MK7","01","감천 7부두 1선석","276","34298"
"감천","2026","01","MKC","05","감천 중앙부두 5선석","248","22414"
"감천","2026","01","MK3","03","감천 3부두 3선석","597","1860"
"감천","2026","01","MQA","03","삼한안벽-03","21","1421"
"감천","2026","01","MK1","03","감천 1부두 3선석","380","3179"
"감천","2026","01","MKC","04","감천 중앙부두 4선석","248","24870"
"감천","2026","02","MK3","02","감천 3부두 2선석","1071","6756"
"감천","2026","02","MKC","04","감천 중앙부두 4선석","344","19014"
"감천","2026","02","MK5","03","감천 5부두 3선석","364","11556"
"감천","2026","02","MK6","02","감천 6부두 2선석","369","39156"
"감천","2026","02","MK1","03","감천 1부두 3선석","425","4411"
"감천","2026","02","MK6","01","감천 6부두 1선석","135","9541"
"감천","2026","02","MK2","03","감천 2부두 3선석","204","6553"
"감천","2026","02","MKC","05","감천 중앙부두 5선석","299","13915"
"감천","2026","02","MK1","04","감천 1부두 4선석","336","2294"
"감천","2026","02","MKC","01","감천 중앙부두 1선석","192","4476"
"감천","2026","02","MK5","01","감천 5부두 1선석","236","0"
"감천","2026","02","MK2","04","감천 2부두 4선석","601","24469"
"감천","2026","02","MK1","02","감천 1부두 2선석","755","2298"
"감천","2026","02","MKC","03","감천 중앙부두 3선석","410","68697"
"감천","2026","02","MK6","03","감천 6부두 3선석","351","1397"
"감천","2026","02","MK7","02","감천 7부두 2선석","208","15341"
"감천","2026","02","MK2","01","감천 2부두 1선석","537","11445"
"감천","2026","02","MK3","04","감천 3부두 4선석","917","8314"
"감천","2026","02","MK2","02","감천 2부두 2선석","585","14360"
"감천","2026","02","MK3","01","감천 3부두 1선석","1114","5366"
"감천","2026","02","MK3","03","감천 3부두 3선석","1002","3321"
"감천","2026","02","MKC","02","감천 중앙부두 2선석","343","16219"
"감천","2026","02","MK5","02","감천 5부두 2선석","536","3305"
"감천","2026","02","MK4","01","감천 4부두 1선석(국제수산물부두)","910","922"
"감천","2026","02","MK7","01","감천 7부두 1선석","431","29725"
"감천","2026","03","MK7","02","감천 7부두 2선석","502","16186"
"감천","2026","03","MK2","03","감천 2부두 3선석","363","11335"
"감천","2026","03","MK6","01","감천 6부두 1선석","282","24994"
"감천","2026","03","MK3","03","감천 3부두 3선석","466","2859"
"감천","2026","03","MKC","02","감천 중앙부두 2선석","339","35756"
"감천","2026","03","MK6","03","감천 6부두 3선석","459","13701"
"감천","2026","03","MK5","02","감천 5부두 2선석","780","2675"
"감천","2026","03","MK2","02","감천 2부두 2선석","827","14627"
"감천","2026","03","MK2","04","감천 2부두 4선석","636","14803"
"감천","2026","03","MKC","04","감천 중앙부두 4선석","257","31023"
"감천","2026","03","MK3","01","감천 3부두 1선석","1499","4063"
"감천","2026","03","MK1","04","감천 1부두 4선석","328","4419"
"감천","2026","03","MK6","02","감천 6부두 2선석","356","14616"
"감천","2026","03","MK5","03","감천 5부두 3선석","216","13608"
"감천","2026","03","MK5","01","감천 5부두 1선석","592","35"
"감천","2026","03","MKC","05","감천 중앙부두 5선석","194","12625"
"감천","2026","03","MK7","01","감천 7부두 1선석","830","27847"
"감천","2026","03","MK4","01","감천 4부두 1선석(국제수산물부두)","857","992"
"감천","2026","03","MKC","01","감천 중앙부두 1선석","81","949"
"감천","2026","03","MK3","04","감천 3부두 4선석","1216","19645"
"감천","2026","03","MK3","02","감천 3부두 2선석","805","3400"
"감천","2026","03","MKC","03","감천 중앙부두 3선석","441","48664"
"감천","2026","03","MQA","03","삼한안벽-03","8","578"
"감천","2026","03","MK2","01","감천 2부두 1선석","735","30614"
"감천","2026","03","MK1","02","감천 1부두 2선석","803","898"
"감천","2026","03","MK1","03","감천 1부두 3선석","1067","7185"
"감천","2026","04","MK6","02","감천 6부두 2선석","561","15635"
"감천","2026","04","MKC","04","감천 중앙부두 4선석","305","27481"
"감천","2026","04","MKC","01","감천 중앙부두 1선석","166","17692"
"감천","2026","04","MK2","02","감천 2부두 2선석","782","20389"
"감천","2026","04","MK6","03","감천 6부두 3선석","321","2743"
"감천","2026","04","MK2","01","감천 2부두 1선석","706","22673"
"감천","2026","04","MK7","01","감천 7부두 1선석","255","74403"
"감천","2026","04","MK5","03","감천 5부두 3선석","323","14585"
"감천","2026","04","MK5","01","감천 5부두 1선석","1137","1"
"감천","2026","04","MK3","01","감천 3부두 1선석","866","4335"
"감천","2026","04","MK3","04","감천 3부두 4선석","1140","14131"
"감천","2026","04","MK5","02","감천 5부두 2선석","362","7000"
"감천","2026","04","MK6","01","감천 6부두 1선석","132","16590"
"감천","2026","04","MKC","02","감천 중앙부두 2선석","357","43047"
"감천","2026","04","MK3","02","감천 3부두 2선석","1174","6417"
"감천","2026","04","MK1","02","감천 1부두 2선석","458","2483"
"감천","2026","04","MK1","03","감천 1부두 3선석","309","687"
"감천","2026","04","MK7","02","감천 7부두 2선석","599","43953"
"감천","2026","04","MK1","04","감천 1부두 4선석","1354","6061"
"감천","2026","04","MK2","03","감천 2부두 3선석","688","10924"
"감천","2026","04","MKC","05","감천 중앙부두 5선석","304","20439"
"감천","2026","04","MK2","04","감천 2부두 4선석","545","10225"
"감천","2026","04","MK4","01","감천 4부두 1선석(국제수산물부두)","1046","1340"
"감천","2026","04","MK3","03","감천 3부두 3선석","827","1557"
"감천","2026","04","MKC","03","감천 중앙부두 3선석","427","42530"
"감천","2026","05","MK7","01","감천 7부두 1선석","373","12925"
"감천","2026","05","MKC","03","감천 중앙부두 3선석","481","34809"
"감천","2026","05","MK5","03","감천 5부두 3선석","216","23352"
"감천","2026","05","MK2","03","감천 2부두 3선석","409","17762"
"감천","2026","05","MKC","02","감천 중앙부두 2선석","545","57390"
"감천","2026","05","MK1","04","감천 1부두 4선석","803","1395"
"감천","2026","05","MKC","05","감천 중앙부두 5선석","356","10990"
"감천","2026","05","MK3","04","감천 3부두 4선석","2116","10147"
"감천","2026","05","MK2","01","감천 2부두 1선석","358","13053"
"감천","2026","05","MKC","04","감천 중앙부두 4선석","386","39752"
"감천","2026","05","MK6","02","감천 6부두 2선석","668","44399"
"감천","2026","05","MK5","02","감천 5부두 2선석","505","3945"
"감천","2026","05","MK1","03","감천 1부두 3선석","1639","3215"
"감천","2026","05","MK4","01","감천 4부두 1선석(국제수산물부두)","718","1942"
"감천","2026","05","MK6","01","감천 6부두 1선석","166","10608"
"감천","2026","05","MK7","02","감천 7부두 2선석","353","29652"
"감천","2026","05","MK3","01","감천 3부두 1선석","1187","636"
"감천","2026","05","MKC","01","감천 중앙부두 1선석","160","7302"
"감천","2026","05","MK3","02","감천 3부두 2선석","1884","4332"
"감천","2026","05","MK3","03","감천 3부두 3선석","686","2021"
"감천","2026","05","MK6","03","감천 6부두 3선석","274","5441"
"감천","2026","05","MK2","04","감천 2부두 4선석","869","3013"
"감천","2026","05","MK1","02","감천 1부두 2선석","1023","1286"
"감천","2026","05","MK5","01","감천 5부두 1선석","1303","105"
"감천","2026","05","MK2","02","감천 2부두 2선석","1061","6595"
"감천","2026","06","MK1","04","감천 1부두 4선석","531","2994"
"감천","2026","06","MK3","01","감천 3부두 1선석","1033","1280"
"감천","2026","06","MK7","01","감천 7부두 1선석","524","55001"
"감천","2026","06","MK6","03","감천 6부두 3선석","207","6912"
"감천","2026","06","MK5","01","감천 5부두 1선석","0","42"
"감천","2026","06","MK3","03","감천 3부두 3선석","892","2671"
"감천","2026","06","MK1","02","감천 1부두 2선석","395","887"
"감천","2026","06","MK1","03","감천 1부두 3선석","794","2789"
"감천","2026","06","MKC","05","감천 중앙부두 5선석","314","27290"
"감천","2026","06","MK2","04","감천 2부두 4선석","557","5098"
"감천","2026","06","MK3","02","감천 3부두 2선석","1125","3637"
"감천","2026","06","MK6","02","감천 6부두 2선석","426","11681"
"감천","2026","06","MK6","01","감천 6부두 1선석","131","15786"
"감천","2026","06","MK2","01","감천 2부두 1선석","770","11593"
"감천","2026","06","MK4","01","감천 4부두 1선석(국제수산물부두)","430","968"
"감천","2026","06","MK7","02","감천 7부두 2선석","466","29832"
"감천","2026","06","MKC","03","감천 중앙부두 3선석","536","56438"
"감천","2026","06","MK5","03","감천 5부두 3선석","161","24227"
"감천","2026","06","MK2","02","감천 2부두 2선석","630","9595"
"감천","2026","06","MKC","04","감천 중앙부두 4선석","281","13189"
"감천","2026","06","MK3","04","감천 3부두 4선석","1455","10629"
"감천","2026","06","MKC","01","감천 중앙부두 1선석","178","4099"
"감천","2026","06","MK5","02","감천 5부두 2선석","1124","2640"
"감천","2026","06","MK2","03","감천 2부두 3선석","320","20112"
"감천","2026","06","MKC","02","감천 중앙부두 2선석","507","53767"
"감천","2026","07","MKC","02","감천 중앙부두 2선석","234","19647"
"감천","2026","07","MKC","03","감천 중앙부두 3선석","369","42777"
"감천","2026","07","MK3","02","감천 3부두 2선석","830","9360"
"감천","2026","07","MK2","02","감천 2부두 2선석","431","11922"
"감천","2026","07","MK7","02","감천 7부두 2선석","371","12835"
"감천","2026","07","MK5","02","감천 5부두 2선석","2174","5209"
"감천","2026","07","MK7","01","감천 7부두 1선석","459","50013"
"감천","2026","07","MKC","04","감천 중앙부두 4선석","398","38236"
"감천","2026","07","MK1","04","감천 1부두 4선석","493","5529"
"감천","2026","07","MK5","03","감천 5부두 3선석","229","28221"
"감천","2026","07","MK1","03","감천 1부두 3선석","933","5283"
"감천","2026","07","MK6","01","감천 6부두 1선석","159","16339"
"감천","2026","07","MK3","04","감천 3부두 4선석","1023","13227"
"감천","2026","07","MK6","03","감천 6부두 3선석","443","10683"
"감천","2026","07","MK3","03","감천 3부두 3선석","689","2031"
"감천","2026","07","MK3","01","감천 3부두 1선석","723","2217"
"감천","2026","07","MK2","03","감천 2부두 3선석","523","18670"
"감천","2026","07","MK4","01","감천 4부두 1선석(국제수산물부두)","419","416"
"감천","2026","07","MKC","05","감천 중앙부두 5선석","153","5974"
"감천","2026","07","MK1","02","감천 1부두 2선석","557","472"
"감천","2026","07","MKC","01","감천 중앙부두 1선석","99","17730"
"감천","2026","07","MK2","04","감천 2부두 4선석","212","1701"
"감천","2026","07","MK6","02","감천 6부두 2선석","579","10374"
"감천","2026","07","MQA","03","삼한안벽-03","10","329"
"감천","2026","07","MK2","01","감천 2부두 1선석","353","19402"
"부산","2025","08","MB7","04","7부두 74선석","277","4186"
"부산","2025","08","MBF","13","국제여객터미널 13선석","10","0"
"부산","2025","08","MB7","02","7부두 72선석","207","29183"
"부산","2025","08","MB7","03","7부두 73선석","402","141452"
"부산","2025","08","MBF","11","국제여객터미널 11선석","435","36820"
"부산","2025","08","MBS","03","신선대부두 3선석","1213","449852"
"부산","2025","08","MB8","05","8부두 85선석","299","7758"
"부산","2025","08","MBR","04","감만부두 4선석(신선대감만터미널)","792","471172"
"부산","2025","08","MBU","02","연합부두 연2선석","171","34594"
"부산","2025","08","MBR","E2","신감만부두 2선석","613","501500"
"부산","2025","08","MBF","02","북항크루즈터미널 2선석","0","21688"
"부산","2025","08","MB6","02","자성대부두 62선석","45","15526"
"부산","2025","08","MBS","02","신선대부두 2선석","842","732933"
"부산","2025","08","MBS","01","신선대부두 1선석","1033","2463417"
"부산","2025","08","MB7","01","7부두 71선석","442","30754"
"부산","2025","08","MBD","03","동명부두 D3선석","17","1139"
"부산","2025","08","MBS","04","신선대부두 4선석","1108","336619"
"부산","2025","08","MBR","01","감만부두 1선석(한국허치슨터미널)","1180","1074014"
"부산","2025","08","MBR","03","감만부두 3선석(신선대감만터미널)","1041","285909"
"부산","2025","08","MBR","E1","신감만부두 1선석","627","928444"
"부산","2025","08","MBR","02","감만부두 2선석(신선대감만터미널)","887","712072"
"부산","2025","08","MBR","E3","신감만부두 3선석","561","282695"
"부산","2025","08","MB6","01","자성대부두 61선석","143","0"
"부산","2025","08","MBF","01","북항크루즈터미널 1선석","14","0"
"부산","2025","08","MBF","12","국제여객터미널 12선석","234","85418"
"부산","2025","08","MBS","05","신선대부두 5선석","674","120269"
"부산","2025","09","MBR","03","감만부두 3선석(신선대감만터미널)","973","244506"
"부산","2025","09","MBS","01","신선대부두 1선석","1109","2626849"
"부산","2025","09","MB7","04","7부두 74선석","97","5515"
"부산","2025","09","MBR","E3","신감만부두 3선석","606","262476"
"부산","2025","09","MBR","02","감만부두 2선석(신선대감만터미널)","755","770245"
"부산","2025","09","MBS","03","신선대부두 3선석","1201","305636"
"부산","2025","09","MBS","05","신선대부두 5선석","471","59513"
"부산","2025","09","MBD","03","동명부두 D3선석","19","1236"
"부산","2025","09","MBS","02","신선대부두 2선석","852","679111"
"부산","2025","09","MB7","02","7부두 72선석","240","33301"
"부산","2025","09","MBR","04","감만부두 4선석(신선대감만터미널)","889","470414"
"부산","2025","09","MBR","01","감만부두 1선석(한국허치슨터미널)","908","1102253"
"부산","2025","09","MBS","04","신선대부두 4선석","897","209054"
"부산","2025","09","MBR","E1","신감만부두 1선석","552","867236"
"부산","2025","09","MB7","03","7부두 73선석","339","119735"
"부산","2025","09","MB6","01","자성대부두 61선석","45","16905"
"부산","2025","09","MBU","02","연합부두 연2선석","118","35213"
"부산","2025","09","MB8","05","8부두 85선석","230","9629"
"부산","2025","09","MBF","13","국제여객터미널 13선석","93","23538"
"부산","2025","09","MB7","01","7부두 71선석","258","33765"
"부산","2025","09","MBR","E2","신감만부두 2선석","519","420620"
"부산","2025","09","MBF","12","국제여객터미널 12선석","190","84449"
"부산","2025","09","MBF","11","국제여객터미널 11선석","447","41542"
"부산","2025","10","MBS","05","신선대부두 5선석","540","76214"
"부산","2025","10","MBR","02","감만부두 2선석(신선대감만터미널)","541","823320"
"부산","2025","10","MBR","E3","신감만부두 3선석","615","262963"
"부산","2025","10","MBR","E2","신감만부두 2선석","600","502307"
"부산","2025","10","MBS","01","신선대부두 1선석","1068","2475022"
"부산","2025","10","MBF","11","국제여객터미널 11선석","458","42227"
"부산","2025","10","MB8","05","8부두 85선석","134","3923"
"부산","2025","10","MBS","04","신선대부두 4선석","646","166492"
"부산","2025","10","MBF","02","북항크루즈터미널 2선석","24","0"
"부산","2025","10","MBU","02","연합부두 연2선석","156","39915"
"부산","2025","10","MB7","01","7부두 71선석","412","27292"
"부산","2025","10","MBR","E1","신감만부두 1선석","685","953756"
"부산","2025","10","MB6","02","자성대부두 62선석","6","0"
"부산","2025","10","MBF","12","국제여객터미널 12선석","177","81350"
"부산","2025","10","MB6","01","자성대부두 61선석","34","0"
"부산","2025","10","MBR","04","감만부두 4선석(신선대감만터미널)","890","467325"
"부산","2025","10","MBS","02","신선대부두 2선석","803","686932"
"부산","2025","10","MB7","02","7부두 72선석","256","21508"
"부산","2025","10","MBD","03","동명부두 D3선석","15","989"
"부산","2025","10","MBR","03","감만부두 3선석(신선대감만터미널)","985","227024"
"부산","2025","10","MBS","03","신선대부두 3선석","1421","237131"
"부산","2025","10","MBF","13","국제여객터미널 13선석","122","23531"
"부산","2025","10","MB7","03","7부두 73선석","283","88655"
"부산","2025","10","MBR","01","감만부두 1선석(한국허치슨터미널)","1009","1165133"
"부산","2025","10","MB7","04","7부두 74선석","318","5191"
"부산","2025","11","MBS","05","신선대부두 5선석","684","156492"
"부산","2025","11","MB8","06","8부두 86선석","144","576599"
"부산","2025","11","MBR","01","감만부두 1선석(한국허치슨터미널)","968","1305194"
"부산","2025","11","MBF","13","국제여객터미널 13선석","29","0"
"부산","2025","11","MBR","04","감만부두 4선석(신선대감만터미널)","841","460322"
"부산","2025","11","MBS","02","신선대부두 2선석","788","698059"
"부산","2025","11","MBF","11","국제여객터미널 11선석","437","44471"
"부산","2025","11","MBS","04","신선대부두 4선석","657","124472"
"부산","2025","11","MBR","03","감만부두 3선석(신선대감만터미널)","1249","226419"
"부산","2025","11","MBS","03","신선대부두 3선석","1236","309708"
"부산","2025","11","MBF","02","북항크루즈터미널 2선석","0","57"
"부산","2025","11","MBR","E1","신감만부두 1선석","577","933943"
"부산","2025","11","MBF","12","국제여객터미널 12선석","225","108496"
"부산","2025","11","MBR","E2","신감만부두 2선석","607","530414"
"부산","2025","11","MB7","01","7부두 71선석","287","27422"
"부산","2025","11","MB8","05","8부두 85선석","282","9352"
"부산","2025","11","MBS","01","신선대부두 1선석","1140","2577736"
"부산","2025","11","MBR","02","감만부두 2선석(신선대감만터미널)","504","906334"
"부산","2025","11","MBD","03","동명부두 D3선석","13","1192"
"부산","2025","11","MB7","02","7부두 72선석","159","42022"
"부산","2025","11","MB7","04","7부두 74선석","187","7258"
"부산","2025","11","MBR","E3","신감만부두 3선석","559","312142"
"부산","2025","11","MB6","01","자성대부두 61선석","37","18"
"부산","2025","11","MB7","03","7부두 73선석","261","79651"
"부산","2025","11","MBU","02","연합부두 연2선석","158","44703"
"부산","2025","12","MBS","01","신선대부두 1선석","1114","2483878"
"부산","2025","12","MBR","E2","신감만부두 2선석","628","591065"
"부산","2025","12","MBD","03","동명부두 D3선석","15","1090"
"부산","2025","12","MBF","13","국제여객터미널 13선석","10","0"
"부산","2025","12","MBR","02","감만부두 2선석(신선대감만터미널)","48","842762"
"부산","2025","12","MBR","04","감만부두 4선석(신선대감만터미널)","1082","545200"
"부산","2025","12","MBR","01","감만부두 1선석(한국허치슨터미널)","986","1202928"
"부산","2025","12","MBR","E3","신감만부두 3선석","581","287526"
"부산","2025","12","MBF","01","북항크루즈터미널 1선석","0","105"
"부산","2025","12","MBS","04","신선대부두 4선석","947","223396"
"부산","2025","12","MBF","12","국제여객터미널 12선석","211","110970"
"부산","2025","12","MB7","01","7부두 71선석","295","38039"
"부산","2025","12","MB6","02","자성대부두 62선석","85","8709"
"부산","2025","12","MBS","02","신선대부두 2선석","942","792803"
"부산","2025","12","MBS","03","신선대부두 3선석","916","250745"
"부산","2025","12","MBR","E1","신감만부두 1선석","631","965668"
"부산","2025","12","MB7","04","7부두 74선석","329","5590"
"부산","2025","12","MBU","02","연합부두 연2선석","129","39894"
"부산","2025","12","MBR","03","감만부두 3선석(신선대감만터미널)","1019","239199"
"부산","2025","12","MB7","02","7부두 72선석","350","23391"
"부산","2025","12","MB7","03","7부두 73선석","343","124933"
"부산","2025","12","MBS","05","신선대부두 5선석","660","186190"
"부산","2025","12","MB8","05","8부두 85선석","295","5077"
"부산","2025","12","MBF","11","국제여객터미널 11선석","561","42844"
"부산","2025","12","MB6","01","자성대부두 61선석","113","0"
"부산","2026","01","MB7","02","7부두 72선석","202","40406"
"부산","2026","01","MBR","E2","신감만부두 2선석","619","483080"
"부산","2026","01","MBR","02","감만부두 2선석(신선대감만터미널)","33","559671"
"부산","2026","01","MB7","01","7부두 71선석","285","27901"
"부산","2026","01","MBR","E1","신감만부두 1선석","581","832144"
"부산","2026","01","MB6","01","자성대부두 61선석","123","3687"
"부산","2026","01","MBF","12","국제여객터미널 12선석","210","102804"
"부산","2026","01","MBR","01","감만부두 1선석(한국허치슨터미널)","829","1013491"
"부산","2026","01","MBR","03","감만부두 3선석(신선대감만터미널)","972","416407"
"부산","2026","01","MB7","04","7부두 74선석","224","4262"
"부산","2026","01","MBF","11","국제여객터미널 11선석","376","42067"
"부산","2026","01","MBR","04","감만부두 4선석(신선대감만터미널)","1072","657739"
"부산","2026","01","MBD","03","동명부두 D3선석","14","1090"
"부산","2026","01","MBS","01","신선대부두 1선석","829","2211491"
"부산","2026","01","MBS","05","신선대부두 5선석","706","149743"
"부산","2026","01","MB7","03","7부두 73선석","317","102208"
"부산","2026","01","MB5","01","5부두 51선석(양곡부두)","0","16097"
"부산","2026","01","MBR","E3","신감만부두 3선석","652","308352"
"부산","2026","01","MBU","02","연합부두 연2선석","76","23922"
"부산","2026","01","MBS","03","신선대부두 3선석","1015","297977"
"부산","2026","01","MB6","02","자성대부두 62선석","55","1611"
"부산","2026","01","MB8","05","8부두 85선석","94","9250"
"부산","2026","01","MBS","04","신선대부두 4선석","946","235878"
"부산","2026","01","MBS","02","신선대부두 2선석","982","797899"
"부산","2026","02","MB7","03","7부두 73선석","304","96561"
"부산","2026","02","MBR","E2","신감만부두 2선석","547","515876"
"부산","2026","02","MBD","03","동명부두 D3선석","14","1090"
"부산","2026","02","MB7","04","7부두 74선석","338","5152"
"부산","2026","02","MB6","02","자성대부두 62선석","89","0"
"부산","2026","02","MBF","13","국제여객터미널 13선석","104","6750"
"부산","2026","02","MBS","04","신선대부두 4선석","821","195764"
"부산","2026","02","MBS","01","신선대부두 1선석","1133","2259619"
"부산","2026","02","MBU","02","연합부두 연2선석","155","55398"
"부산","2026","02","MB7","02","7부두 72선석","244","28895"
"부산","2026","02","MBR","01","감만부두 1선석(한국허치슨터미널)","966","623168"
"부산","2026","02","MBF","12","국제여객터미널 12선석","206","79795"
"부산","2026","02","MB7","01","7부두 71선석","311","24702"
"부산","2026","02","MBS","02","신선대부두 2선석","711","685142"
"부산","2026","02","MBR","04","감만부두 4선석(신선대감만터미널)","774","774561"
"부산","2026","02","MBR","E1","신감만부두 1선석","566","659613"
"부산","2026","02","MBS","05","신선대부두 5선석","681","190386"
"부산","2026","02","MBF","11","국제여객터미널 11선석","393","41426"
"부산","2026","02","MB6","01","자성대부두 61선석","126","0"
"부산","2026","02","MBS","03","신선대부두 3선석","834","240890"
"부산","2026","02","MB8","05","8부두 85선석","203","5445"
"부산","2026","02","MBR","03","감만부두 3선석(신선대감만터미널)","1039","740529"
"부산","2026","02","MBR","02","감만부두 2선석(신선대감만터미널)","90","183756"
"부산","2026","02","MBF","14","국제여객터미널 14선석","14","0"
"부산","2026","02","MBR","E3","신감만부두 3선석","510","457526"
"부산","2026","03","MBF","02","북항크루즈터미널 2선석","42","0"
"부산","2026","03","MB7","01","7부두 71선석","312","27161"
"부산","2026","03","MBR","04","감만부두 4선석(신선대감만터미널)","1056","872926"
"부산","2026","03","MBU","02","연합부두 연2선석","175","38480"
"부산","2026","03","MBF","13","국제여객터미널 13선석","157","25495"
"부산","2026","03","MB6","02","자성대부두 62선석","38","0"
"부산","2026","03","MBS","03","신선대부두 3선석","917","256365"
"부산","2026","03","MBR","E3","신감만부두 3선석","533","427999"
"부산","2026","03","MBS","02","신선대부두 2선석","504","698928"
"부산","2026","03","MBS","05","신선대부두 5선석","728","101700"
"부산","2026","03","MB7","02","7부두 72선석","230","48773"
"부산","2026","03","MBD","03","동명부두 D3선석","15","989"
"부산","2026","03","MBS","01","신선대부두 1선석","808","2420355"
"부산","2026","03","MBS","04","신선대부두 4선석","1039","256447"
"부산","2026","03","MBR","03","감만부두 3선석(신선대감만터미널)","1077","750898"
"부산","2026","03","MBR","E2","신감만부두 2선석","573","515164"
"부산","2026","03","MB7","03","7부두 73선석","345","126608"
"부산","2026","03","MB7","04","7부두 74선석","283","9121"
"부산","2026","03","MBR","01","감만부두 1선석(한국허치슨터미널)","1006","675830"
"부산","2026","03","MB6","01","자성대부두 61선석","36","0"
"부산","2026","03","MBR","02","감만부두 2선석(신선대감만터미널)","162","454330"
"부산","2026","03","MBF","11","국제여객터미널 11선석","377","47293"
"부산","2026","03","MB8","05","8부두 85선석","369","7668"
"부산","2026","03","MBF","12","국제여객터미널 12선석","193","105338"
"부산","2026","03","MBR","E1","신감만부두 1선석","535","748495"
"부산","2026","04","MBU","02","연합부두 연2선석","161","35272"
"부산","2026","04","MBS","02","신선대부두 2선석","612","750112"
"부산","2026","04","MB7","01","7부두 71선석","271","32429"
"부산","2026","04","MBS","03","신선대부두 3선석","678","242177"
"부산","2026","04","MBR","02","감만부두 2선석(신선대감만터미널)","144","571020"
"부산","2026","04","MBF","12","국제여객터미널 12선석","155","88991"
"부산","2026","04","MBR","E2","신감만부두 2선석","630","565956"
"부산","2026","04","MBR","03","감만부두 3선석(신선대감만터미널)","1050","654962"
"부산","2026","04","MB8","05","8부두 85선석","391","3881"
"부산","2026","04","MB7","04","7부두 74선석","304","10269"
"부산","2026","04","MBR","E3","신감만부두 3선석","607","470188"
"부산","2026","04","MB7","03","7부두 73선석","365","157472"
"부산","2026","04","MBR","01","감만부두 1선석(한국허치슨터미널)","919","623336"
"부산","2026","04","MBR","E1","신감만부두 1선석","595","832624"
"부산","2026","04","MB6","01","자성대부두 61선석","24","2734"
"부산","2026","04","MBS","01","신선대부두 1선석","784","2401920"
"부산","2026","04","MBD","03","동명부두 D3선석","0","887"
"부산","2026","04","MBS","05","신선대부두 5선석","698","177478"
"부산","2026","04","MB7","02","7부두 72선석","154","43382"
"부산","2026","04","MBR","04","감만부두 4선석(신선대감만터미널)","1112","915121"
"부산","2026","04","MBS","04","신선대부두 4선석","1221","337574"
"부산","2026","04","MBF","11","국제여객터미널 11선석","442","53965"
"부산","2026","05","MB7","04","7부두 74선석","232","6820"
"부산","2026","05","MBF","02","북항크루즈터미널 2선석","7","0"
"부산","2026","05","MBF","12","국제여객터미널 12선석","216","126924"
"부산","2026","05","MBF","14","국제여객터미널 14선석","5","0"
"부산","2026","05","MBF","01","북항크루즈터미널 1선석","0","1124"
"부산","2026","05","MBS","02","신선대부두 2선석","871","703716"
"부산","2026","05","MBR","E2","신감만부두 2선석","561","586328"
"부산","2026","05","MBR","04","감만부두 4선석(신선대감만터미널)","1266","1025281"
"부산","2026","05","MBS","04","신선대부두 4선석","1305","320332"
"부산","2026","05","MBS","03","신선대부두 3선석","636","215975"
"부산","2026","05","MBR","E3","신감만부두 3선석","671","534678"
"부산","2026","05","MBD","03","동명부두 D3선석","17","989"
"부산","2026","05","MBR","E1","신감만부두 1선석","601","784846"
"부산","2026","05","MBR","03","감만부두 3선석(신선대감만터미널)","1167","753300"
"부산","2026","05","MB8","05","8부두 85선석","358","6828"
"부산","2026","05","MBU","02","연합부두 연2선석","201","45632"
"부산","2026","05","MB6","01","자성대부두 61선석","58","13248"
"부산","2026","05","MBS","01","신선대부두 1선석","786","2396907"
"부산","2026","05","MB7","02","7부두 72선석","225","38234"
"부산","2026","05","MBF","13","국제여객터미널 13선석","13","0"
"부산","2026","05","MBR","01","감만부두 1선석(한국허치슨터미널)","973","638777"
"부산","2026","05","MB7","01","7부두 71선석","243","37621"
"부산","2026","05","MBR","02","감만부두 2선석(신선대감만터미널)","202","566067"
"부산","2026","05","MB7","03","7부두 73선석","337","155659"
"부산","2026","05","MBF","11","국제여객터미널 11선석","447","47697"
"부산","2026","05","MBS","05","신선대부두 5선석","656","183614"
"부산","2026","05","MB6","02","자성대부두 62선석","70","812"
"부산","2026","06","MBF","11","국제여객터미널 11선석","395","45887"
"부산","2026","06","MBU","02","연합부두 연2선석","109","34808"
"부산","2026","06","MB7","04","7부두 74선석","75","4913"
"부산","2026","06","MBS","03","신선대부두 3선석","1055","254500"
"부산","2026","06","MBS","04","신선대부두 4선석","1125","265957"
"부산","2026","06","MBR","01","감만부두 1선석(한국허치슨터미널)","937","665706"
"부산","2026","06","MBR","02","감만부두 2선석(신선대감만터미널)","301","454814"
"부산","2026","06","MB7","02","7부두 72선석","328","41398"
"부산","2026","06","MBF","13","국제여객터미널 13선석","21","0"
"부산","2026","06","MB7","01","7부두 71선석","289","26870"
"부산","2026","06","MBS","02","신선대부두 2선석","907","703273"
"부산","2026","06","MB8","05","8부두 85선석","101","5376"
"부산","2026","06","MB6","02","자성대부두 62선석","101","1087"
"부산","2026","06","MBR","04","감만부두 4선석(신선대감만터미널)","999","866075"
"부산","2026","06","MBF","12","국제여객터미널 12선석","217","132342"
"부산","2026","06","MB6","01","자성대부두 61선석","19","0"
"부산","2026","06","MB7","03","7부두 73선석","316","174519"
"부산","2026","06","MBR","E3","신감만부두 3선석","540","445835"
"부산","2026","06","MBR","E2","신감만부두 2선석","657","537503"
"부산","2026","06","MBR","E1","신감만부두 1선석","589","782812"
"부산","2026","06","MBS","01","신선대부두 1선석","958","2452561"
"부산","2026","06","MBS","05","신선대부두 5선석","710","171105"
"부산","2026","06","MBR","03","감만부두 3선석(신선대감만터미널)","1247","862451"
"부산","2026","07","MB6","01","자성대부두 61선석","152","0"
"부산","2026","07","MBR","02","감만부두 2선석(신선대감만터미널)","265","488442"
"부산","2026","07","MBS","01","신선대부두 1선석","1277","2768222"
"부산","2026","07","MBF","11","국제여객터미널 11선석","405","48925"
"부산","2026","07","MBU","02","연합부두 연2선석","103","54571"
"부산","2026","07","MBS","04","신선대부두 4선석","1105","256720"
"부산","2026","07","MBF","12","국제여객터미널 12선석","213","128662"
"부산","2026","07","MB6","02","자성대부두 62선석","79","21417"
"부산","2026","07","MBS","02","신선대부두 2선석","866","706041"
"부산","2026","07","MBS","05","신선대부두 5선석","672","129624"
"부산","2026","07","MBR","04","감만부두 4선석(신선대감만터미널)","794","767220"
"부산","2026","07","MBR","E1","신감만부두 1선석","584","787704"
"부산","2026","07","MBR","01","감만부두 1선석(한국허치슨터미널)","987","656484"
"부산","2026","07","MB7","02","7부두 72선석","175","33967"
"부산","2026","07","MB7","04","7부두 74선석","250","8644"
"부산","2026","07","MBR","E2","신감만부두 2선석","621","569169"
"부산","2026","07","MB7","01","7부두 71선석","273","31412"
"부산","2026","07","MB7","03","7부두 73선석","318","126399"
"부산","2026","07","MB8","06","8부두 86선석","142","985"
"부산","2026","07","MB8","05","8부두 85선석","120","3458"
"부산","2026","07","MBD","03","동명부두 D3선석","21","989"
"부산","2026","07","MBR","E3","신감만부두 3선석","598","502026"
"부산","2026","07","MBF","13","국제여객터미널 13선석","21","0"
"부산","2026","07","MBR","03","감만부두 3선석(신선대감만터미널)","1319","789219"
"부산","2026","07","MBS","03","신선대부두 3선석","1043","292056"
"부산신항","2025","08","MS7","01","신항 7부두 1선석","458","1000412"
"부산신항","2025","08","MS4","02","신항 4부두 2선석","528","927447"
"부산신항","2025","08","MSL","01","신항 다목적부두","387","59208"
"부산신항","2025","08","MS6","03","신항 6부두 3선석","404","59178"
"부산신항","2025","08","MS6","02","신항 6부두 2선석","520","1549679"
"부산신항","2025","08","MS3","01","신항 3부두 1선석","518","1375288"
"부산신항","2025","08","MS7","02","신항 7부두 2선석","499","329488"
"부산신항","2025","08","MS5","03","신항 5부두 3선석","135","34454"
"부산신항","2025","08","MFL","01","신항 다목적부두연결잔교","151","41371"
"부산신항","2025","08","MSN","07","신항 2부두 4선석","654","255190"
"부산신항","2025","08","MS3","04","신항 3부두 4선석","524","391641"
"부산신항","2025","08","MS3","03","신항 3부두 3선석","420","1392563"
"부산신항","2025","08","MSN","08","신항 2부두 5선석","702","718492"
"부산신항","2025","08","MSN","09","신항 2부두 6선석","0","23908"
"부산신항","2025","08","MS4","04","신항 4부두 4선석","0","104"
"부산신항","2025","08","MS5","02","신항 5부두 2선석","549","1492330"
"부산신항","2025","08","MSN","05","신항 2부두 2선석","667","2758004"
"부산신항","2025","08","MS5","01","신항 5부두 1선석","524","1718840"
"부산신항","2025","08","MS4","01","신항 4부두 1선석","512","2298204"
"부산신항","2025","08","MS3","02","신항 3부두 2선석","65","64154"
"부산신항","2025","08","MS6","01","신항 6부두 1선석","574","854081"
"부산신항","2025","08","MS4","03","신항 4부두 3선석","462","278797"
"부산신항","2025","08","MS5","04","신항 5부두 4선석","466","187067"
"부산신항","2025","08","MSN","02","신항 1부두 2선석","621","1448737"
"부산신항","2025","08","MS7","03","신항 7부두 3선석","490","105359"
"부산신항","2025","08","MSN","01","신항 1부두 1선석","583","1061865"
"부산신항","2025","08","MSN","03","신항 1부두 3선석","676","2120975"
"부산신항","2025","08","MSN","04","신항 2부두 1선석","401","3923075"
"부산신항","2025","08","MSN","06","신항 2부두 3선석","650","283177"
"부산신항","2025","09","MS4","02","신항 4부두 2선석","540","786967"
"부산신항","2025","09","MS4","03","신항 4부두 3선석","523","240075"
"부산신항","2025","09","MS7","02","신항 7부두 2선석","514","245867"
"부산신항","2025","09","MS4","01","신항 4부두 1선석","503","2425395"
"부산신항","2025","09","MSL","01","신항 다목적부두","429","79452"
"부산신항","2025","09","MS3","02","신항 3부두 2선석","146","142099"
"부산신항","2025","09","MS6","03","신항 6부두 3선석","454","108425"
"부산신항","2025","09","MS7","01","신항 7부두 1선석","430","1042821"
"부산신항","2025","09","MS7","03","신항 7부두 3선석","513","184266"
"부산신항","2025","09","MSN","08","신항 2부두 5선석","646","627425"
"부산신항","2025","09","MSN","02","신항 1부두 2선석","596","1341158"
"부산신항","2025","09","MS6","01","신항 6부두 1선석","684","636126"
"부산신항","2025","09","MSN","06","신항 2부두 3선석","587","327339"
"부산신항","2025","09","MS5","04","신항 5부두 4선석","505","122483"
"부산신항","2025","09","MSN","05","신항 2부두 2선석","578","2529481"
"부산신항","2025","09","MSN","04","신항 2부두 1선석","655","4419364"
"부산신항","2025","09","MS5","01","신항 5부두 1선석","587","2076891"
"부산신항","2025","09","MS5","02","신항 5부두 2선석","535","1482553"
"부산신항","2025","09","MS3","01","신항 3부두 1선석","475","1702700"
"부산신항","2025","09","MSN","07","신항 2부두 4선석","660","244344"
"부산신항","2025","09","MS6","02","신항 6부두 2선석","467","1904090"
"부산신항","2025","09","MS3","03","신항 3부두 3선석","525","1356558"
"부산신항","2025","09","MS5","03","신항 5부두 3선석","197","54627"
"부산신항","2025","09","MS3","04","신항 3부두 4선석","621","338803"
"부산신항","2025","09","MSN","03","신항 1부두 3선석","656","2119741"
"부산신항","2025","09","MFL","01","신항 다목적부두연결잔교","236","86061"
"부산신항","2025","09","MSN","01","신항 1부두 1선석","619","1098005"
"부산신항","2025","10","MS5","01","신항 5부두 1선석","579","2122843"
"부산신항","2025","10","MS3","01","신항 3부두 1선석","381","1634995"
"부산신항","2025","10","MS6","01","신항 6부두 1선석","559","884613"
"부산신항","2025","10","MSN","05","신항 2부두 2선석","576","2159872"
"부산신항","2025","10","MSN","03","신항 1부두 3선석","686","2483611"
"부산신항","2025","10","MSN","01","신항 1부두 1선석","572","952551"
"부산신항","2025","10","MS7","03","신항 7부두 3선석","593","285325"
"부산신항","2025","10","MS3","03","신항 3부두 3선석","481","1228088"
"부산신항","2025","10","MSN","07","신항 2부두 4선석","491","273276"
"부산신항","2025","10","MSL","01","신항 다목적부두","380","101297"
"부산신항","2025","10","MS5","03","신항 5부두 3선석","78","30200"
"부산신항","2025","10","MS6","03","신항 6부두 3선석","359","42899"
"부산신항","2025","10","MSN","06","신항 2부두 3선석","504","360359"
"부산신항","2025","10","MS7","02","신항 7부두 2선석","509","305546"
"부산신항","2025","10","MS3","04","신항 3부두 4선석","548","385752"
"부산신항","2025","10","MSN","02","신항 1부두 2선석","679","1287892"
"부산신항","2025","10","MFL","01","신항 다목적부두연결잔교","524","120506"
"부산신항","2025","10","MS5","02","신항 5부두 2선석","613","1718820"
"부산신항","2025","10","MSN","08","신항 2부두 5선석","518","357487"
"부산신항","2025","10","MS3","02","신항 3부두 2선석","209","52550"
"부산신항","2025","10","MS4","02","신항 4부두 2선석","550","828050"
"부산신항","2025","10","MS4","03","신항 4부두 3선석","515","160795"
"부산신항","2025","10","MS5","04","신항 5부두 4선석","613","51833"
"부산신항","2025","10","MS4","04","신항 4부두 4선석","0","276"
"부산신항","2025","10","MS4","01","신항 4부두 1선석","386","2228230"
"부산신항","2025","10","MS6","02","신항 6부두 2선석","640","1884768"
"부산신항","2025","10","MS7","01","신항 7부두 1선석","431","956362"
"부산신항","2025","10","MSN","04","신항 2부두 1선석","549","4450813"
"부산신항","2025","11","MS4","04","신항 4부두 4선석","0","115"
"부산신항","2025","11","MSN","04","신항 2부두 1선석","589","5464845"
"부산신항","2025","11","MS4","02","신항 4부두 2선석","585","883064"
"부산신항","2025","11","MSN","08","신항 2부두 5선석","599","699366"
"부산신항","2025","11","MS7","03","신항 7부두 3선석","491","152208"
"부산신항","2025","11","MSN","02","신항 1부두 2선석","544","894350"
"부산신항","2025","11","MFL","01","신항 다목적부두연결잔교","394","114161"
"부산신항","2025","11","MSN","01","신항 1부두 1선석","619","934576"
"부산신항","2025","11","MS6","02","신항 6부두 2선석","554","1469873"
"부산신항","2025","11","MS7","02","신항 7부두 2선석","496","205661"
"부산신항","2025","11","MS5","02","신항 5부두 2선석","568","1590014"
"부산신항","2025","11","MS3","01","신항 3부두 1선석","315","1640378"
"부산신항","2025","11","MS5","01","신항 5부두 1선석","537","2103830"
"부산신항","2025","11","MS7","01","신항 7부두 1선석","426","1021170"
"부산신항","2025","11","MS5","04","신항 5부두 4선석","494","234657"
"부산신항","2025","11","MSN","05","신항 2부두 2선석","466","1603708"
"부산신항","2025","11","MS4","03","신항 4부두 3선석","516","263042"
"부산신항","2025","11","MS3","03","신항 3부두 3선석","439","1355766"
"부산신항","2025","11","MSN","07","신항 2부두 4선석","511","472745"
"부산신항","2025","11","MS5","03","신항 5부두 3선석","316","39738"
"부산신항","2025","11","MSL","01","신항 다목적부두","231","86325"
"부산신항","2025","11","MSN","06","신항 2부두 3선석","511","223475"
"부산신항","2025","11","MS6","01","신항 6부두 1선석","604","683914"
"부산신항","2025","11","MS3","04","신항 3부두 4선석","589","344029"
"부산신항","2025","11","MS4","01","신항 4부두 1선석","444","2543590"
"부산신항","2025","11","MS3","02","신항 3부두 2선석","256","87777"
"부산신항","2025","11","MS6","03","신항 6부두 3선석","422","92013"
"부산신항","2025","11","MSN","03","신항 1부두 3선석","627","2496802"
"부산신항","2025","12","MSN","04","신항 2부두 1선석","574","5534847"
"부산신항","2025","12","MS4","04","신항 4부두 4선석","0","383"
"부산신항","2025","12","MS5","01","신항 5부두 1선석","540","2632651"
"부산신항","2025","12","MS5","03","신항 5부두 3선석","253","87561"
"부산신항","2025","12","MS7","02","신항 7부두 2선석","449","307129"
"부산신항","2025","12","MSN","05","신항 2부두 2선석","552","1649506"
"부산신항","2025","12","MSN","07","신항 2부두 4선석","645","360210"
"부산신항","2025","12","MS7","03","신항 7부두 3선석","444","112316"
"부산신항","2025","12","MS4","01","신항 4부두 1선석","525","2642878"
"부산신항","2025","12","MS3","01","신항 3부두 1선석","481","1668256"
"부산신항","2025","12","MFL","01","신항 다목적부두연결잔교","261","199007"
"부산신항","2025","12","MS5","04","신항 5부두 4선석","481","70633"
"부산신항","2025","12","MSN","02","신항 1부두 2선석","672","1239490"
"부산신항","2025","12","MS6","02","신항 6부두 2선석","563","1449516"
"부산신항","2025","12","MS3","03","신항 3부두 3선석","455","1244488"
"부산신항","2025","12","MSN","08","신항 2부두 5선석","536","373748"
"부산신항","2025","12","MS5","02","신항 5부두 2선석","617","1129743"
"부산신항","2025","12","MSL","01","신항 다목적부두","372","43393"
"부산신항","2025","12","MS7","01","신항 7부두 1선석","419","1200309"
"부산신항","2025","12","MSN","06","신항 2부두 3선석","528","248277"
"부산신항","2025","12","MS3","02","신항 3부두 2선석","231","92575"
"부산신항","2025","12","MS6","03","신항 6부두 3선석","346","60755"
"부산신항","2025","12","MS4","02","신항 4부두 2선석","616","978334"
"부산신항","2025","12","MS4","03","신항 4부두 3선석","650","250292"
"부산신항","2025","12","MSN","01","신항 1부두 1선석","531","940166"
"부산신항","2025","12","MSN","03","신항 1부두 3선석","664","2558537"
"부산신항","2025","12","MS6","01","신항 6부두 1선석","604","1011583"
"부산신항","2025","12","MS3","04","신항 3부두 4선석","570","391605"
"부산신항","2026","01","MSN","01","신항 1부두 1선석","569","919975"
"부산신항","2026","01","MS4","04","신항 4부두 4선석","0","12"
"부산신항","2026","01","MS4","02","신항 4부두 2선석","573","978973"
"부산신항","2026","01","MS6","02","신항 6부두 2선석","674","1491812"
"부산신항","2026","01","MS3","04","신항 3부두 4선석","542","427834"
"부산신항","2026","01","MSN","02","신항 1부두 2선석","529","1142486"
"부산신항","2026","01","MS3","01","신항 3부두 1선석","479","1622242"
"부산신항","2026","01","MSN","05","신항 2부두 2선석","448","1697849"
"부산신항","2026","01","MSN","06","신항 2부두 3선석","597","322535"
"부산신항","2026","01","MS7","03","신항 7부두 3선석","541","130565"
"부산신항","2026","01","MS5","04","신항 5부두 4선석","285","6704"
"부산신항","2026","01","MSN","04","신항 2부두 1선석","533","5344607"
"부산신항","2026","01","MS3","02","신항 3부두 2선석","116","68671"
"부산신항","2026","01","MS4","03","신항 4부두 3선석","593","309758"
"부산신항","2026","01","MS5","01","신항 5부두 1선석","488","2214989"
"부산신항","2026","01","MSN","07","신항 2부두 4선석","576","473309"
"부산신항","2026","01","MSN","08","신항 2부두 5선석","630","487600"
"부산신항","2026","01","MS5","02","신항 5부두 2선석","570","961237"
"부산신항","2026","01","MFL","01","신항 다목적부두연결잔교","330","215145"
"부산신항","2026","01","MS3","03","신항 3부두 3선석","462","1304373"
"부산신항","2026","01","MS6","01","신항 6부두 1선석","665","1077856"
"부산신항","2026","01","MS4","01","신항 4부두 1선석","476","2757925"
"부산신항","2026","01","MSL","01","신항 다목적부두","362","75808"
"부산신항","2026","01","MS6","03","신항 6부두 3선석","364","31746"
"부산신항","2026","01","MS7","02","신항 7부두 2선석","488","344545"
"부산신항","2026","01","MSN","03","신항 1부두 3선석","681","2518049"
"부산신항","2026","01","MS5","03","신항 5부두 3선석","250","124031"
"부산신항","2026","01","MS7","01","신항 7부두 1선석","403","1107675"
"부산신항","2026","02","MS4","03","신항 4부두 3선석","610","266965"
"부산신항","2026","02","MS7","03","신항 7부두 3선석","478","187549"
"부산신항","2026","02","MFL","01","신항 다목적부두연결잔교","161","192695"
"부산신항","2026","02","MS6","01","신항 6부두 1선석","571","893674"
"부산신항","2026","02","MSN","03","신항 1부두 3선석","643","2577939"
"부산신항","2026","02","MS7","02","신항 7부두 2선석","494","287563"
"부산신항","2026","02","MSL","01","신항 다목적부두","276","21689"
"부산신항","2026","02","MS5","04","신항 5부두 4선석","506","128710"
"부산신항","2026","02","MSN","06","신항 2부두 3선석","586","469961"
"부산신항","2026","02","MS5","03","신항 5부두 3선석","222","108837"
"부산신항","2026","02","MS4","01","신항 4부두 1선석","556","2778391"
"부산신항","2026","02","MS6","03","신항 6부두 3선석","324","99477"
"부산신항","2026","02","MS3","03","신항 3부두 3선석","454","1469569"
"부산신항","2026","02","MSN","02","신항 1부두 2선석","679","1350017"
"부산신항","2026","02","MSN","05","신항 2부두 2선석","570","1858157"
"부산신항","2026","02","MS4","02","신항 4부두 2선석","595","1050343"
"부산신항","2026","02","MS3","01","신항 3부두 1선석","404","1786975"
"부산신항","2026","02","MS6","02","신항 6부두 2선석","490","1764343"
"부산신항","2026","02","MS5","01","신항 5부두 1선석","591","2753831"
"부산신항","2026","02","MS5","02","신항 5부두 2선석","622","1294952"
"부산신항","2026","02","MS3","02","신항 3부두 2선석","192","113739"
"부산신항","2026","02","MSN","07","신항 2부두 4선석","600","341458"
"부산신항","2026","02","MS3","04","신항 3부두 4선석","604","414349"
"부산신항","2026","02","MSN","04","신항 2부두 1선석","510","4905343"
"부산신항","2026","02","MSN","08","신항 2부두 5선석","570","522218"
"부산신항","2026","02","MSN","01","신항 1부두 1선석","628","1061725"
"부산신항","2026","02","MS7","01","신항 7부두 1선석","432","1007487"
"부산신항","2026","03","MSL","01","신항 다목적부두","462","58066"
"부산신항","2026","03","MSN","02","신항 1부두 2선석","633","1607636"
"부산신항","2026","03","MS6","03","신항 6부두 3선석","386","129703"
"부산신항","2026","03","MS6","01","신항 6부두 1선석","658","1149949"
"부산신항","2026","03","MSN","01","신항 1부두 1선석","553","1000718"
"부산신항","2026","03","MS4","01","신항 4부두 1선석","474","2713168"
"부산신항","2026","03","MS3","03","신항 3부두 3선석","531","1890357"
"부산신항","2026","03","MS4","04","신항 4부두 4선석","0","4126"
"부산신항","2026","03","MSN","08","신항 2부두 5선석","685","534152"
"부산신항","2026","03","MS7","01","신항 7부두 1선석","477","1228977"
"부산신항","2026","03","MS3","02","신항 3부두 2선석","207","78731"
"부산신항","2026","03","MSN","04","신항 2부두 1선석","667","5012185"
"부산신항","2026","03","MS4","02","신항 4부두 2선석","508","1198210"
"부산신항","2026","03","MS3","01","신항 3부두 1선석","438","1785332"
"부산신항","2026","03","MFL","01","신항 다목적부두연결잔교","383","212185"
"부산신항","2026","03","MS4","03","신항 4부두 3선석","550","263821"
"부산신항","2026","03","MS7","02","신항 7부두 2선석","502","293762"
"부산신항","2026","03","MSN","07","신항 2부두 4선석","667","276757"
"부산신항","2026","03","MSN","06","신항 2부두 3선석","678","389035"
"부산신항","2026","03","MS7","03","신항 7부두 3선석","528","209891"
"부산신항","2026","03","MSN","05","신항 2부두 2선석","635","2736997"
"부산신항","2026","03","MS5","02","신항 5부두 2선석","487","1435192"
"부산신항","2026","03","MS5","04","신항 5부두 4선석","439","109051"
"부산신항","2026","03","MS5","03","신항 5부두 3선석","272","88417"
"부산신항","2026","03","MS3","04","신항 3부두 4선석","643","569084"
"부산신항","2026","03","MS5","01","신항 5부두 1선석","645","2077984"
"부산신항","2026","03","MSN","03","신항 1부두 3선석","653","2267332"
"부산신항","2026","03","MS6","02","신항 6부두 2선석","637","1358493"
"부산신항","2026","04","MS3","04","신항 3부두 4선석","605","406240"
"부산신항","2026","04","MS5","01","신항 5부두 1선석","564","2639849"
"부산신항","2026","04","MS3","02","신항 3부두 2선석","63","44016"
"부산신항","2026","04","MS7","01","신항 7부두 1선석","436","1396364"
"부산신항","2026","04","MSN","07","신항 2부두 4선석","602","338073"
"부산신항","2026","04","MSN","08","신항 2부두 5선석","554","528489"
"부산신항","2026","04","MS7","03","신항 7부두 3선석","605","75121"
"부산신항","2026","04","MS3","01","신항 3부두 1선석","549","1526019"
"부산신항","2026","04","MSN","03","신항 1부두 3선석","677","2679013"
"부산신항","2026","04","MS6","03","신항 6부두 3선석","350","87018"
"부산신항","2026","04","MSN","02","신항 1부두 2선석","549","1148131"
"부산신항","2026","04","MS3","03","신항 3부두 3선석","541","1566437"
"부산신항","2026","04","MS4","02","신항 4부두 2선석","544","952164"
"부산신항","2026","04","MS6","01","신항 6부두 1선석","615","1010996"
"부산신항","2026","04","MS5","04","신항 5부두 4선석","513","53568"
"부산신항","2026","04","MFL","01","신항 다목적부두연결잔교","249","221571"
"부산신항","2026","04","MS5","02","신항 5부두 2선석","669","1225901"
"부산신항","2026","04","MS4","03","신항 4부두 3선석","577","200053"
"부산신항","2026","04","MS6","02","신항 6부두 2선석","612","1435399"
"부산신항","2026","04","MSN","06","신항 2부두 3선석","526","294384"
"부산신항","2026","04","MS7","02","신항 7부두 2선석","486","436352"
"부산신항","2026","04","MSN","05","신항 2부두 2선석","415","2310226"
"부산신항","2026","04","MSL","01","신항 다목적부두","413","60003"
"부산신항","2026","04","MS5","03","신항 5부두 3선석","187","75014"
"부산신항","2026","04","MSN","04","신항 2부두 1선석","505","3809528"
"부산신항","2026","04","MSN","01","신항 1부두 1선석","614","1225242"
"부산신항","2026","04","MS4","01","신항 4부두 1선석","410","2364677"
"부산신항","2026","05","MS6","03","신항 6부두 3선석","402","22450"
"부산신항","2026","05","MSN","01","신항 1부두 1선석","607","1099738"
"부산신항","2026","05","MSN","02","신항 1부두 2선석","646","1478295"
"부산신항","2026","05","MS4","03","신항 4부두 3선석","679","305658"
"부산신항","2026","05","MSL","01","신항 다목적부두","309","93512"
"부산신항","2026","05","MSN","04","신항 2부두 1선석","660","4304315"
"부산신항","2026","05","MFL","01","신항 다목적부두연결잔교","232","227780"
"부산신항","2026","05","MS4","02","신항 4부두 2선석","672","1184042"
"부산신항","2026","05","MS6","02","신항 6부두 2선석","584","1700598"
"부산신항","2026","05","MS4","01","신항 4부두 1선석","632","2972519"
"부산신항","2026","05","MS7","02","신항 7부두 2선석","588","489306"
"부산신항","2026","05","MS6","01","신항 6부두 1선석","701","1304116"
"부산신항","2026","05","MS5","04","신항 5부두 4선석","434","101034"
"부산신항","2026","05","MS5","03","신항 5부두 3선석","145","61801"
"부산신항","2026","05","MSN","07","신항 2부두 4선석","684","352524"
"부산신항","2026","05","MSN","08","신항 2부두 5선석","675","556029"
"부산신항","2026","05","MS5","02","신항 5부두 2선석","549","1055973"
"부산신항","2026","05","MS3","04","신항 3부두 4선석","535","603469"
"부산신항","2026","05","MS7","01","신항 7부두 1선석","457","1321201"
"부산신항","2026","05","MS7","03","신항 7부두 3선석","360","116113"
"부산신항","2026","05","MSN","05","신항 2부두 2선석","677","2856581"
"부산신항","2026","05","MSN","03","신항 1부두 3선석","676","2238981"
"부산신항","2026","05","MS3","03","신항 3부두 3선석","589","2151747"
"부산신항","2026","05","MSN","06","신항 2부두 3선석","721","497043"
"부산신항","2026","05","MS3","01","신항 3부두 1선석","593","1715990"
"부산신항","2026","05","MS3","02","신항 3부두 2선석","97","49167"
"부산신항","2026","05","MS5","01","신항 5부두 1선석","595","2335370"
"부산신항","2026","06","MSN","01","신항 1부두 1선석","694","1300563"
"부산신항","2026","06","MS3","03","신항 3부두 3선석","552","2360557"
"부산신항","2026","06","MSN","02","신항 1부두 2선석","694","1555895"
"부산신항","2026","06","MS6","02","신항 6부두 2선석","668","1584032"
"부산신항","2026","06","MS5","04","신항 5부두 4선석","386","105910"
"부산신항","2026","06","MSN","04","신항 2부두 1선석","678","4837514"
"부산신항","2026","06","MS4","01","신항 4부두 1선석","637","3339017"
"부산신항","2026","06","MS7","03","신항 7부두 3선석","547","119538"
"부산신항","2026","06","MS5","03","신항 5부두 3선석","174","173894"
"부산신항","2026","06","MS5","02","신항 5부두 2선석","593","881512"
"부산신항","2026","06","MSL","01","신항 다목적부두","330","152407"
"부산신항","2026","06","MSN","03","신항 1부두 3선석","630","2536287"
"부산신항","2026","06","MS3","01","신항 3부두 1선석","584","1930306"
"부산신항","2026","06","MFL","01","신항 다목적부두연결잔교","244","228423"
"부산신항","2026","06","MS7","02","신항 7부두 2선석","446","403010"
"부산신항","2026","06","MS6","03","신항 6부두 3선석","534","93986"
"부산신항","2026","06","MS3","02","신항 3부두 2선석","144","67551"
"부산신항","2026","06","MS7","01","신항 7부두 1선석","547","1502935"
"부산신항","2026","06","MS5","01","신항 5부두 1선석","507","2113010"
"부산신항","2026","06","MS4","02","신항 4부두 2선석","659","1196507"
"부산신항","2026","06","MSN","06","신항 2부두 3선석","640","288809"
"부산신항","2026","06","MS3","04","신항 3부두 4선석","662","649406"
"부산신항","2026","06","MS4","03","신항 4부두 3선석","707","234017"
"부산신항","2026","06","MSN","08","신항 2부두 5선석","720","760315"
"부산신항","2026","06","MSN","05","신항 2부두 2선석","687","2329373"
"부산신항","2026","06","MSN","07","신항 2부두 4선석","671","232642"
"부산신항","2026","06","MS6","01","신항 6부두 1선석","619","1227806"
"부산신항","2026","07","MS3","01","신항 3부두 1선석","613","2210136"
"부산신항","2026","07","MSN","01","신항 1부두 1선석","635","1335672"
"부산신항","2026","07","MSL","01","신항 다목적부두","425","115618"
"부산신항","2026","07","MS3","04","신항 3부두 4선석","660","555317"
"부산신항","2026","07","MS7","01","신항 7부두 1선석","680","1687826"
"부산신항","2026","07","MS4","02","신항 4부두 2선석","588","1324638"
"부산신항","2026","07","MS5","03","신항 5부두 3선석","169","31171"
"부산신항","2026","07","MSN","06","신항 2부두 3선석","702","294651"
"부산신항","2026","07","MSN","02","신항 1부두 2선석","672","1606637"
"부산신항","2026","07","MS7","02","신항 7부두 2선석","708","447782"
"부산신항","2026","07","MS4","01","신항 4부두 1선석","560","2674840"
"부산신항","2026","07","MSN","03","신항 1부두 3선석","712","2423132"
"부산신항","2026","07","MSN","07","신항 2부두 4선석","725","461994"
"부산신항","2026","07","MS3","02","신항 3부두 2선석","156","57291"
"부산신항","2026","07","MS4","03","신항 4부두 3선석","591","252213"
"부산신항","2026","07","MS5","04","신항 5부두 4선석","539","64567"
"부산신항","2026","07","MSN","04","신항 2부두 1선석","708","5605285"
"부산신항","2026","07","MS6","03","신항 6부두 3선석","509","106032"
"부산신항","2026","07","MS7","03","신항 7부두 3선석","613","232791"
"부산신항","2026","07","MSN","08","신항 2부두 5선석","677","527911"
"부산신항","2026","07","MFL","01","신항 다목적부두연결잔교","273","330904"
"부산신항","2026","07","MS5","02","신항 5부두 2선석","637","1024149"
"부산신항","2026","07","MSN","05","신항 2부두 2선석","686","2037022"
"부산신항","2026","07","MS3","03","신항 3부두 3선석","665","5685081"
"부산신항","2026","07","MS5","01","신항 5부두 1선석","594","2860491"
"부산신항","2026","07","MS6","02","신항 6부두 2선석","631","1604299"
"부산신항","2026","07","MS6","01","신항 6부두 1선석","706","1686105"
